-- phpMyAdmin SQL Dump
-- version 5.2.1
-- https://www.phpmyadmin.net/
--
-- Servidor: localhost
-- Tiempo de generación: 10-06-2023 a las 03:49:54
-- Versión del servidor: 10.11.3-MariaDB
-- Versión de PHP: 8.2.6

SET SQL_MODE = "NO_AUTO_VALUE_ON_ZERO";
START TRANSACTION;
SET time_zone = "+00:00";


/*!40101 SET @OLD_CHARACTER_SET_CLIENT=@@CHARACTER_SET_CLIENT */;
/*!40101 SET @OLD_CHARACTER_SET_RESULTS=@@CHARACTER_SET_RESULTS */;
/*!40101 SET @OLD_COLLATION_CONNECTION=@@COLLATION_CONNECTION */;
/*!40101 SET NAMES utf8mb4 */;

--
-- Base de datos: `esp32`
--

-- --------------------------------------------------------

--
-- Estructura de tabla para la tabla `api_esp`
--

CREATE TABLE `api_esp` (
  `id` bigint(20) NOT NULL,
  `temperatura` varchar(50) NOT NULL,
  `humedad` varchar(50) NOT NULL,
  `voltajeradiacion` varchar(50) NOT NULL,
  `valorradiacion` varchar(50) NOT NULL,
  `agua` varchar(50) NOT NULL
) ENGINE=InnoDB DEFAULT CHARSET=utf8mb4 COLLATE=utf8mb4_unicode_ci;

--
-- Volcado de datos para la tabla `api_esp`
--

INSERT INTO `api_esp` (`id`, `temperatura`, `humedad`, `voltajeradiacion`, `valorradiacion`, `agua`) VALUES
(317, '26.7', '66', '394', '1.923828', '4'),
(318, '26.7', '64', '367', '1.791992', '4'),
(319, '26.7', '64', '385', '1.879883', '4'),
(320, '26.7', '64', '362', '1.767578', '4'),
(321, '26.7', '64', '325', '1.586914', '4'),
(322, '26.2', '68', '303', '1.479492', '4'),
(323, '26.2', '68', '303', '1.479492', '4'),
(324, '26.2', '68', '316', '1.542969', '4'),
(325, '26.2', '68', '347', '1.694336', '4'),
(326, '26.2', '68', '312', '1.523438', '4'),
(327, '26.2', '68', '363', '1.772461', '4'),
(328, '26.2', '68', '392', '1.914063', '4'),
(329, '26.2', '68', '358', '1.748047', '4'),
(330, '26.2', '68', '388', '1.894531', '4'),
(331, '26.2', '68', '302', '1.474609', '4'),
(332, '26.2', '68', '341', '1.665039', '4'),
(333, '26.2', '68', '302', '1.474609', '4'),
(334, '26.2', '68', '310', '1.513672', '4'),
(335, '26.2', '68', '339', '1.655273', '4'),
(336, '26.2', '67', '380', '1.855469', '4'),
(337, '26.2', '67', '366', '1.787109', '4'),
(338, '26.2', '68', '348', '1.699219', '4'),
(339, '26.2', '68', '351', '1.713867', '4'),
(340, '26.2', '68', '367', '1.791992', '4'),
(341, '26.2', '68', '337', '1.645508', '4'),
(342, '26.2', '68', '372', '1.816406', '4'),
(343, '26.2', '69', '368', '1.796875', '4'),
(344, '26.2', '69', '393', '1.918945', '4'),
(345, '26.2', '68', '306', '1.494141', '4'),
(346, '26.2', '69', '381', '1.860352', '4'),
(347, '26.2', '69', '313', '1.52832', '4'),
(348, '26.2', '69', '303', '1.479492', '4'),
(349, '26.2', '69', '348', '1.699219', '4'),
(350, '26.2', '69', '364', '1.777344', '4'),
(351, '26.2', '68', '344', '1.679688', '4'),
(352, '26.2', '69', '399', '1.948242', '4'),
(353, '26.2', '69', '378', '1.845703', '4'),
(354, '26.2', '68', '306', '1.494141', '4'),
(355, '26.2', '68', '343', '1.674805', '4'),
(356, '26.2', '68', '340', '1.660156', '4'),
(357, '26.2', '68', '313', '1.52832', '4'),
(358, '26.2', '69', '365', '1.782227', '4'),
(359, '26.2', '69', '390', '1.904297', '4'),
(360, '26.2', '69', '366', '1.787109', '4'),
(361, '26.2', '69', '364', '1.777344', '4'),
(362, '26.2', '69', '398', '1.943359', '4'),
(363, '26.2', '69', '331', '1.616211', '4'),
(364, '26.2', '69', '395', '1.928711', '4'),
(365, '26.2', '69', '363', '1.772461', '4'),
(366, '26.2', '69', '344', '1.679688', '4'),
(367, '26.2', '69', '356', '1.738281', '4'),
(368, '26.2', '69', '375', '1.831055', '4'),
(369, '26.2', '69', '327', '1.59668', '4'),
(370, '26.2', '69', '335', '1.635742', '4'),
(371, '26.2', '69', '352', '1.71875', '4'),
(372, '26.2', '69', '380', '1.855469', '4'),
(373, '26.3', '69', '334', '1.630859', '4'),
(374, '26.7', '69', '335', '1.635742', '4'),
(375, '26.7', '69', '363', '1.772461', '4'),
(376, '26.7', '69', '395', '1.928711', '4'),
(377, '26.7', '69', '307', '1.499023', '4'),
(378, '26.7', '68', '322', '1.572266', '4'),
(379, '26.7', '69', '347', '1.694336', '4'),
(380, '26.7', '69', '351', '1.713867', '4'),
(381, '26.7', '69', '391', '1.90918', '4'),
(382, '26.7', '68', '362', '1.767578', '4'),
(383, '26.7', '68', '372', '1.816406', '4'),
(384, '26.7', '68', '369', '1.801758', '4'),
(385, '26.7', '67', '348', '1.699219', '4'),
(386, '26.7', '67', '394', '1.923828', '4'),
(387, '26.7', '67', '325', '1.586914', '4'),
(388, '26.7', '67', '321', '1.567383', '4'),
(389, '26.7', '67', '387', '1.889648', '4'),
(390, '26.7', '67', '357', '1.743164', '4'),
(391, '26.7', '67', '380', '1.855469', '4'),
(392, '26.4', '67', '320', '1.5625', '4'),
(393, '26.2', '67', '310', '1.513672', '4'),
(394, '26.2', '67', '394', '1.923828', '4'),
(395, '26.2', '67', '319', '1.557617', '4'),
(396, '26.2', '67', '368', '1.796875', '4'),
(397, '26.2', '68', '328', '1.601563', '4'),
(398, '26.2', '68', '308', '1.503906', '4'),
(399, '26.2', '68', '375', '1.831055', '4'),
(400, '26.2', '68', '382', '1.865234', '4'),
(401, '26.2', '68', '377', '1.84082', '4'),
(402, '26.2', '68', '380', '1.855469', '4'),
(403, '26.3', '68', '396', '1.933594', '4'),
(404, '26.4', '68', '342', '1.669922', '4'),
(405, '26.7', '68', '379', '1.850586', '4'),
(406, '26.7', '68', '357', '1.743164', '4'),
(407, '26.7', '69', '321', '1.567383', '4'),
(408, '26.7', '68', '309', '1.508789', '4'),
(409, '26.7', '68', '373', '1.821289', '4'),
(410, '26.7', '69', '364', '1.777344', '4'),
(411, '26.7', '69', '340', '1.660156', '4'),
(412, '26.7', '69', '374', '1.826172', '4'),
(413, '26.7', '69', '354', '1.728516', '4'),
(414, '26.7', '69', '360', '1.757813', '4'),
(415, '26.7', '68', '357', '1.743164', '4'),
(416, '26.7', '68', '325', '1.586914', '4'),
(417, '26.7', '68', '321', '1.567383', '4'),
(418, '26.7', '69', '328', '1.601563', '4'),
(419, '26.7', '69', '316', '1.542969', '4'),
(420, '26.7', '69', '311', '1.518555', '4'),
(421, '26.7', '69', '324', '1.582031', '4'),
(422, '26.7', '69', '319', '1.557617', '4'),
(423, '26.7', '69', '327', '1.59668', '4'),
(424, '26.7', '69', '348', '1.699219', '4'),
(425, '26.7', '69', '360', '1.757813', '4'),
(426, '26.7', '69', '397', '1.938477', '4'),
(427, '26.7', '69', '388', '1.894531', '4'),
(428, '26.7', '68', '366', '1.787109', '4'),
(429, '26.7', '68', '379', '1.850586', '4'),
(430, '26.7', '68', '320', '1.5625', '4'),
(431, '26.7', '68', '340', '1.660156', '4'),
(432, '26.7', '68', '375', '1.831055', '4'),
(433, '26.7', '67', '340', '1.660156', '4'),
(434, '26.7', '67', '313', '1.52832', '4'),
(435, '26.7', '67', '306', '1.494141', '4'),
(436, '26.7', '68', '351', '1.713867', '4'),
(437, '26.7', '67', '338', '1.650391', '4'),
(438, '26.7', '67', '303', '1.479492', '4'),
(439, '26.7', '68', '368', '1.796875', '4'),
(440, '26.7', '67', '325', '1.586914', '4'),
(441, '26.7', '68', '358', '1.748047', '4'),
(442, '26.7', '68', '334', '1.630859', '4'),
(443, '26.7', '68', '390', '1.904297', '4'),
(444, '26.7', '67', '371', '1.811523', '4'),
(445, '26.7', '67', '354', '1.728516', '4'),
(446, '26.7', '67', '384', '1.875', '4'),
(447, '26.7', '67', '391', '1.90918', '4'),
(448, '26.7', '67', '344', '1.679688', '4'),
(449, '26.6', '68', '325', '1.586914', '4'),
(450, '26.3', '68', '317', '1.547852', '4'),
(451, '26.2', '68', '393', '1.918945', '4'),
(452, '26.2', '68', '301', '1.469727', '4'),
(453, '26.2', '68', '326', '1.591797', '4'),
(454, '26.2', '67', '303', '1.479492', '4'),
(455, '26.2', '68', '392', '1.914063', '4'),
(456, '26.2', '68', '344', '1.679688', '4'),
(457, '26.2', '69', '359', '1.75293', '4'),
(458, '26.2', '69', '310', '1.513672', '4'),
(459, '26.2', '68', '337', '1.645508', '4'),
(460, '26.2', '68', '361', '1.762695', '4'),
(461, '26.2', '68', '361', '1.762695', '4'),
(462, '26.2', '68', '385', '1.879883', '4'),
(463, '26.2', '68', '331', '1.616211', '4'),
(464, '26.2', '68', '389', '1.899414', '4'),
(465, '26.2', '68', '344', '1.679688', '4'),
(466, '26.2', '68', '356', '1.738281', '4'),
(467, '26.2', '68', '384', '1.875', '4'),
(468, '26.2', '68', '365', '1.782227', '4'),
(469, '26.2', '68', '378', '1.845703', '4'),
(470, '26.2', '68', '350', '1.708984', '4'),
(471, '26.2', '68', '321', '1.567383', '4'),
(472, '26.2', '68', '316', '1.542969', '4'),
(473, '26.4', '69', '343', '1.674805', '4'),
(474, '26.7', '69', '384', '1.875', '4'),
(475, '26.7', '69', '349', '1.704102', '4'),
(476, '26.7', '69', '389', '1.899414', '4'),
(477, '26.7', '69', '370', '1.806641', '4'),
(478, '26.7', '69', '329', '1.606445', '4'),
(479, '26.7', '68', '313', '1.52832', '4'),
(480, '26.7', '68', '391', '1.90918', '4'),
(481, '26.7', '68', '316', '1.542969', '4'),
(482, '26.7', '68', '399', '1.948242', '4'),
(483, '26.7', '68', '329', '1.606445', '4'),
(484, '26.7', '68', '375', '1.831055', '4'),
(485, '26.7', '68', '373', '1.821289', '4'),
(486, '26.7', '68', '397', '1.938477', '4'),
(487, '26.7', '68', '360', '1.757813', '4'),
(488, '26.7', '68', '396', '1.933594', '4'),
(489, '26.7', '69', '302', '1.474609', '4'),
(490, '26.7', '69', '392', '1.914063', '4'),
(491, '26.7', '68', '397', '1.938477', '4'),
(492, '26.7', '68', '339', '1.655273', '4'),
(493, '26.7', '68', '320', '1.5625', '4'),
(494, '26.7', '68', '389', '1.899414', '3'),
(495, '26.7', '68', '312', '1.523438', '4'),
(496, '26.7', '68', '330', '1.611328', '4'),
(497, '26.7', '68', '330', '1.611328', '4'),
(498, '26.7', '67', '370', '1.806641', '4'),
(499, '26.7', '67', '309', '1.508789', '4'),
(500, '26.7', '67', '301', '1.469727', '4'),
(501, '26.7', '67', '307', '1.499023', '4'),
(502, '26.7', '67', '335', '1.635742', '4'),
(503, '26.7', '67', '398', '1.943359', '4'),
(504, '26.7', '67', '393', '1.918945', '4'),
(505, '26.7', '67', '344', '1.679688', '4'),
(506, '26.7', '67', '372', '1.816406', '4'),
(507, '26.7', '68', '395', '1.928711', '4'),
(508, '26.7', '68', '315', '1.538086', '3'),
(509, '26.7', '68', '320', '1.5625', '4'),
(510, '26.7', '68', '384', '1.875', '4'),
(511, '26.7', '67', '339', '1.655273', '4'),
(512, '26.7', '67', '304', '1.484375', '4'),
(513, '26.7', '66', '369', '1.801758', '4'),
(514, '26.7', '66', '354', '1.728516', '4'),
(515, '26.7', '68', '377', '1.84082', '4'),
(516, '26.7', '68', '394', '1.923828', '4'),
(517, '26.7', '68', '375', '1.831055', '4'),
(518, '26.7', '68', '305', '1.489258', '4'),
(519, '26.7', '69', '313', '1.52832', '4'),
(520, '27.1', '69', '355', '1.733398', '4'),
(521, '27.1', '69', '390', '1.904297', '4'),
(522, '27.1', '69', '335', '1.635742', '4'),
(523, '27.1', '68', '357', '1.743164', '4'),
(524, '27.1', '68', '335', '1.635742', '4'),
(525, '27.1', '68', '364', '1.777344', '4'),
(526, '27.1', '68', '393', '1.918945', '4'),
(527, '27.1', '68', '321', '1.567383', '4'),
(528, '27.1', '68', '351', '1.713867', '3'),
(529, '27.1', '67', '318', '1.552734', '4'),
(530, '27.1', '67', '324', '1.582031', '4'),
(531, '27.1', '67', '363', '1.772461', '4'),
(532, '27.1', '67', '356', '1.738281', '4'),
(533, '27.1', '67', '371', '1.811523', '4'),
(534, '27.1', '67', '313', '1.52832', '4'),
(535, '27.1', '67', '367', '1.791992', '4'),
(536, '27.1', '67', '390', '1.904297', '4'),
(537, '27.1', '67', '348', '1.699219', '4'),
(538, '27.1', '67', '317', '1.547852', '4'),
(539, '27.1', '67', '349', '1.704102', '4'),
(540, '27.1', '67', '334', '1.630859', '4'),
(541, '27.1', '66', '396', '1.933594', '4'),
(542, '27.1', '66', '360', '1.757813', '4'),
(543, '27.1', '67', '338', '1.650391', '4'),
(544, '27.1', '67', '345', '1.68457', '4'),
(545, '27.1', '67', '387', '1.889648', '4'),
(546, '27.1', '66', '328', '1.601563', '4'),
(547, '27.1', '66', '339', '1.655273', '4'),
(548, '26.8', '66', '359', '1.75293', '4'),
(549, '26.7', '66', '390', '1.904297', '4'),
(550, '26.7', '66', '303', '1.479492', '3'),
(551, '26.7', '66', '384', '1.875', '4'),
(552, '26.7', '66', '314', '1.533203', '4'),
(553, '26.7', '66', '330', '1.611328', '4'),
(554, '26.7', '66', '304', '1.484375', '4'),
(555, '26.7', '66', '325', '1.586914', '4'),
(556, '26.7', '66', '353', '1.723633', '4'),
(557, '26.7', '66', '309', '1.508789', '4'),
(558, '26.7', '66', '391', '1.90918', '4'),
(559, '26.7', '66', '306', '1.494141', '4'),
(560, '26.7', '66', '374', '1.826172', '4'),
(561, '26.7', '67', '304', '1.484375', '4'),
(562, '26.7', '67', '322', '1.572266', '4'),
(563, '26.7', '67', '346', '1.689453', '4'),
(564, '26.7', '67', '363', '1.772461', '4'),
(565, '26.2', '67', '317', '1.547852', '4'),
(566, '26.2', '67', '350', '1.708984', '4'),
(567, '26.2', '67', '309', '1.508789', '4'),
(568, '26.2', '67', '385', '1.879883', '4'),
(569, '26.2', '67', '341', '1.665039', '4'),
(570, '26.2', '67', '340', '1.660156', '4'),
(571, '26.2', '67', '311', '1.518555', '4'),
(572, '26.2', '68', '334', '1.630859', '4'),
(573, '26.2', '68', '394', '1.923828', '4'),
(574, '26.2', '68', '398', '1.943359', '4'),
(575, '26.2', '68', '307', '1.499023', '4'),
(576, '26.2', '68', '399', '1.948242', '4'),
(577, '26.2', '68', '337', '1.645508', '4'),
(578, '26.2', '68', '329', '1.606445', '4'),
(579, '26.2', '68', '310', '1.513672', '4'),
(580, '26.2', '68', '384', '1.875', '4'),
(581, '26.2', '69', '321', '1.567383', '4'),
(582, '26.2', '69', '318', '1.552734', '4'),
(583, '26.2', '69', '347', '1.694336', '4'),
(584, '26.2', '69', '343', '1.674805', '4'),
(585, '26.2', '69', '354', '1.728516', '4'),
(586, '26.2', '69', '385', '1.879883', '4'),
(587, '26.2', '69', '342', '1.669922', '4'),
(588, '26.2', '69', '381', '1.860352', '3'),
(589, '26.2', '69', '331', '1.616211', '3'),
(590, '26.2', '69', '395', '1.928711', '3'),
(591, '26.2', '69', '372', '1.816406', '4'),
(592, '26.2', '69', '358', '1.748047', '4'),
(593, '26.2', '69', '374', '1.826172', '3'),
(594, '26.2', '69', '320', '1.5625', '4'),
(595, '26.2', '69', '322', '1.572266', '9'),
(596, '26.2', '69', '327', '1.59668', '3'),
(597, '26.2', '69', '315', '1.538086', '4'),
(598, '26.2', '69', '344', '1.679688', '4'),
(599, '26.2', '69', '347', '1.694336', '4'),
(600, '26.2', '69', '397', '1.938477', '3'),
(601, '26.2', '69', '382', '1.865234', '4'),
(602, '26.2', '69', '370', '1.806641', '3'),
(603, '26.2', '69', '316', '1.542969', '3'),
(604, '26.6', '69', '374', '1.826172', '4'),
(605, '26.7', '69', '324', '1.582031', '4'),
(606, '26.7', '69', '389', '1.899414', '4'),
(607, '26.7', '69', '398', '1.943359', '4'),
(608, '26.7', '69', '354', '1.728516', '3'),
(609, '26.7', '69', '386', '1.884766', '4'),
(610, '26.7', '69', '359', '1.75293', '4'),
(611, '26.7', '69', '305', '1.489258', '4'),
(612, '26.7', '69', '323', '1.577148', '3'),
(613, '26.7', '69', '390', '1.904297', '4'),
(614, '26.7', '69', '303', '1.479492', '4'),
(615, '26.7', '69', '307', '1.499023', '4'),
(616, '26.7', '68', '359', '1.75293', '4'),
(617, '26.7', '68', '375', '1.831055', '3'),
(618, '26.7', '69', '342', '1.669922', '4'),
(619, '26.7', '69', '352', '1.71875', '4'),
(620, '26.7', '69', '316', '1.542969', '4'),
(621, '26.7', '68', '394', '1.923828', '3'),
(622, '26.7', '69', '376', '1.835938', '4'),
(623, '26.7', '69', '371', '1.811523', '3'),
(624, '27', '68', '354', '1.728516', '4'),
(625, '27.1', '68', '363', '1.772461', '4'),
(626, '27.1', '68', '312', '1.523438', '4'),
(627, '27.1', '68', '345', '1.68457', '4'),
(628, '27.1', '68', '335', '1.635742', '3'),
(629, '27.1', '68', '385', '1.879883', '4'),
(630, '27.1', '68', '362', '1.767578', '4'),
(631, '27.1', '69', '357', '1.743164', '3'),
(632, '27.1', '69', '300', '1.464844', '4'),
(633, '27.1', '69', '322', '1.572266', '4'),
(634, '27.1', '69', '397', '1.938477', '3'),
(635, '27.1', '69', '373', '1.821289', '4'),
(636, '27.1', '69', '305', '1.489258', '4'),
(637, '27.1', '69', '381', '1.860352', '3'),
(638, '27.1', '69', '354', '1.728516', '3'),
(639, '27.1', '68', '387', '1.889648', '3'),
(640, '27.1', '68', '356', '1.738281', '4'),
(641, '27.1', '69', '357', '1.743164', '4'),
(642, '27.1', '69', '341', '1.665039', '4'),
(643, '27.1', '69', '362', '1.767578', '4'),
(644, '27.1', '69', '313', '1.52832', '4'),
(645, '27.1', '69', '304', '1.484375', '4'),
(646, '27.1', '69', '390', '1.904297', '3'),
(647, '27.1', '69', '386', '1.884766', '4'),
(648, '27.1', '69', '326', '1.591797', '4'),
(649, '27.1', '69', '312', '1.523438', '4'),
(650, '27.1', '69', '306', '1.494141', '3'),
(651, '27.1', '69', '362', '1.767578', '3'),
(652, '27.1', '68', '384', '1.875', '3'),
(653, '27.1', '69', '350', '1.708984', '4'),
(654, '27.1', '69', '352', '1.71875', '4'),
(655, '27.1', '69', '390', '1.904297', '4'),
(656, '27.1', '69', '359', '1.75293', '4'),
(657, '27.1', '69', '300', '1.464844', '4'),
(658, '27.1', '69', '373', '1.821289', '4'),
(659, '27.1', '68', '318', '1.552734', '4'),
(660, '27.2', '69', '324', '1.582031', '3'),
(661, '27.6', '69', '351', '1.713867', '4'),
(662, '27.6', '69', '337', '1.645508', '4'),
(663, '27.6', '69', '321', '1.567383', '4'),
(664, '27.6', '68', '307', '1.499023', '4'),
(665, '27.6', '68', '390', '1.904297', '4'),
(666, '27.6', '68', '344', '1.679688', '3'),
(667, '27.6', '68', '337', '1.645508', '4'),
(668, '27.6', '67', '342', '1.669922', '3'),
(669, '27.6', '67', '373', '1.821289', '4'),
(670, '27.5', '68', '339', '1.655273', '3'),
(671, '27.4', '67', '370', '1.806641', '3'),
(672, '27.1', '67', '377', '1.84082', '4'),
(673, '27.1', '67', '362', '1.767578', '3'),
(674, '27.1', '67', '319', '1.557617', '3'),
(675, '27.1', '67', '395', '1.928711', '4'),
(676, '27.1', '67', '387', '1.889648', '4'),
(677, '27.1', '68', '356', '1.738281', '4'),
(678, '27.1', '68', '366', '1.787109', '3'),
(679, '27.1', '67', '397', '1.938477', '4'),
(680, '27.1', '67', '394', '1.923828', '3'),
(681, '27.1', '67', '383', '1.870117', '4'),
(682, '27.1', '67', '310', '1.513672', '3'),
(683, '27.1', '67', '349', '1.704102', '3'),
(684, '27.1', '67', '329', '1.606445', '3'),
(685, '27.1', '67', '343', '1.674805', '4'),
(686, '27.1', '67', '369', '1.801758', '4'),
(687, '27.1', '67', '389', '1.899414', '4'),
(688, '27.1', '67', '335', '1.635742', '4'),
(689, '27.1', '67', '384', '1.875', '4'),
(690, '27.1', '67', '311', '1.518555', '4'),
(691, '27.1', '67', '309', '1.508789', '4'),
(692, '27.1', '67', '336', '1.640625', '3'),
(693, '27.1', '67', '355', '1.733398', '4'),
(694, '27.1', '67', '375', '1.831055', '4'),
(695, '27.1', '67', '353', '1.723633', '4'),
(696, '27.1', '67', '381', '1.860352', '4'),
(697, '27.1', '67', '357', '1.743164', '4'),
(698, '27.1', '67', '331', '1.616211', '3'),
(699, '27.1', '67', '356', '1.738281', '4'),
(700, '27.1', '67', '315', '1.538086', '3'),
(701, '27.1', '66', '302', '1.474609', '3'),
(702, '27.1', '66', '375', '1.831055', '4'),
(703, '27.1', '66', '334', '1.630859', '4'),
(704, '27.1', '66', '341', '1.665039', '3'),
(705, '27.1', '66', '398', '1.943359', '4'),
(706, '27.1', '67', '351', '1.713867', '3'),
(707, '27.1', '67', '356', '1.738281', '3'),
(708, '27.1', '67', '394', '1.923828', '3'),
(709, '27.1', '67', '378', '1.845703', '4'),
(710, '27.1', '67', '365', '1.782227', '4'),
(711, '27.1', '67', '303', '1.479492', '4'),
(712, '27.1', '67', '398', '1.943359', '3'),
(713, '27.1', '67', '365', '1.782227', '4'),
(714, '27.1', '66', '357', '1.743164', '4'),
(715, '27.1', '67', '360', '1.757813', '4'),
(716, '27.1', '67', '380', '1.855469', '4'),
(717, '27.1', '67', '368', '1.796875', '3'),
(718, '27.1', '67', '361', '1.762695', '4'),
(719, '27.1', '67', '328', '1.601563', '4'),
(720, '27.1', '67', '346', '1.689453', '4'),
(721, '27.1', '67', '379', '1.850586', '3'),
(722, '27.1', '67', '327', '1.59668', '3'),
(723, '27.1', '67', '320', '1.5625', '3'),
(724, '27.1', '67', '301', '1.469727', '3'),
(725, '27.1', '68', '370', '1.806641', '3'),
(726, '27.1', '68', '370', '1.806641', '4'),
(727, '27.1', '68', '399', '1.948242', '4'),
(728, '27.1', '68', '396', '1.933594', '4'),
(729, '27.1', '68', '371', '1.811523', '4'),
(730, '27.1', '69', '332', '1.621094', '4'),
(731, '27.1', '69', '313', '1.52832', '4'),
(732, '27.1', '69', '314', '1.533203', '4'),
(733, '27.1', '69', '379', '1.850586', '4'),
(734, '27.1', '68', '353', '1.723633', '3'),
(735, '27.1', '68', '379', '1.850586', '4'),
(736, '27.1', '68', '375', '1.831055', '4'),
(737, '27.1', '68', '308', '1.503906', '4'),
(738, '27.1', '68', '358', '1.748047', '4'),
(739, '27.1', '67', '335', '1.635742', '4'),
(740, '27.1', '67', '320', '1.5625', '4'),
(741, '27.1', '67', '320', '1.5625', '4'),
(742, '27.1', '67', '353', '1.723633', '3'),
(743, '27.1', '68', '330', '1.611328', '4'),
(744, '27.1', '68', '355', '1.733398', '3'),
(745, '27.1', '68', '305', '1.489258', '4'),
(746, '27.1', '68', '364', '1.777344', '4'),
(747, '27.1', '67', '395', '1.928711', '3'),
(748, '27.1', '67', '374', '1.826172', '4'),
(749, '27.1', '67', '309', '1.508789', '3'),
(750, '27.1', '68', '312', '1.523438', '4'),
(751, '27.1', '67', '399', '1.948242', '3'),
(752, '27.1', '68', '399', '1.948242', '3'),
(753, '27.1', '67', '303', '1.479492', '3'),
(754, '27.1', '68', '335', '1.635742', '3'),
(755, '27.1', '68', '311', '1.518555', '4'),
(756, '27.1', '68', '324', '1.582031', '4'),
(757, '27.1', '68', '361', '1.762695', '3'),
(758, '27.1', '68', '355', '1.733398', '3'),
(759, '27.1', '68', '311', '1.518555', '4'),
(760, '27.1', '68', '375', '1.831055', '4'),
(761, '27.1', '67', '340', '1.660156', '4'),
(762, '27.1', '67', '361', '1.762695', '4'),
(763, '27.1', '67', '399', '1.948242', '4'),
(764, '27.1', '66', '375', '1.831055', '3'),
(765, '27.1', '67', '360', '1.757813', '3'),
(766, '27.1', '66', '302', '1.474609', '4'),
(767, '27.1', '66', '379', '1.850586', '3'),
(768, '27.1', '66', '387', '1.889648', '4'),
(769, '27.1', '67', '381', '1.860352', '4'),
(770, '27.1', '67', '355', '1.733398', '3'),
(771, '27.1', '68', '312', '1.523438', '3'),
(772, '27.1', '67', '310', '1.513672', '3'),
(773, '27.1', '67', '318', '1.552734', '3'),
(774, '27.1', '67', '303', '1.479492', '4'),
(775, '27.1', '68', '399', '1.948242', '4'),
(776, '27.1', '68', '330', '1.611328', '3'),
(777, '27.1', '67', '330', '1.611328', '3'),
(778, '27.1', '67', '385', '1.879883', '4'),
(779, '27.1', '66', '391', '1.90918', '4'),
(780, '27.1', '66', '397', '1.938477', '4'),
(781, '27.1', '66', '396', '1.933594', '4'),
(782, '27.1', '67', '382', '1.865234', '4'),
(783, '27.1', '66', '343', '1.674805', '3'),
(784, '27.1', '66', '309', '1.508789', '3'),
(785, '27.1', '66', '372', '1.816406', '4'),
(786, '27.1', '67', '378', '1.845703', '4'),
(787, '27.1', '67', '331', '1.616211', '4'),
(788, '27.1', '66', '341', '1.665039', '4'),
(789, '27.1', '66', '324', '1.582031', '4'),
(790, '27.1', '66', '352', '1.71875', '3'),
(791, '27.1', '66', '338', '1.650391', '4'),
(792, '27.1', '66', '302', '1.474609', '4'),
(793, '27.1', '66', '390', '1.904297', '4'),
(794, '27.1', '66', '305', '1.489258', '4'),
(795, '27.1', '66', '342', '1.669922', '3'),
(796, '27.1', '67', '339', '1.655273', '4'),
(797, '27.1', '68', '386', '1.884766', '3'),
(798, '27.1', '68', '388', '1.894531', '4'),
(799, '27.4', '69', '393', '1.918945', '4'),
(800, '27.6', '69', '365', '1.782227', '3'),
(801, '27.6', '68', '323', '1.577148', '4'),
(802, '27.6', '68', '348', '1.699219', '3'),
(803, '27.6', '68', '322', '1.572266', '4'),
(804, '27.6', '68', '313', '1.52832', '3'),
(805, '27.6', '67', '320', '1.5625', '3'),
(806, '27.6', '67', '378', '1.845703', '4'),
(807, '27.6', '67', '335', '1.635742', '4'),
(808, '27.1', '66', '397', '1.938477', '4'),
(809, '27.1', '66', '304', '1.484375', '4'),
(810, '27.1', '66', '360', '1.757813', '3'),
(811, '27.1', '65', '326', '1.591797', '3'),
(812, '27.1', '66', '349', '1.704102', '4'),
(813, '27.1', '66', '363', '1.772461', '4'),
(814, '27', '66', '361', '1.762695', '4'),
(815, '26.7', '67', '350', '1.708984', '3'),
(816, '26.7', '67', '384', '1.875', '3'),
(817, '26.7', '67', '335', '1.635742', '4'),
(818, '26.7', '67', '390', '1.904297', '4'),
(819, '26.7', '68', '384', '1.875', '3'),
(820, '26.7', '68', '337', '1.645508', '3'),
(821, '26.7', '68', '373', '1.821289', '4'),
(822, '26.7', '68', '369', '1.801758', '4'),
(823, '26.7', '69', '301', '1.469727', '3'),
(824, '26.7', '69', '332', '1.621094', '3'),
(825, '26.7', '69', '307', '1.499023', '4'),
(826, '26.7', '69', '323', '1.577148', '3'),
(827, '26.7', '69', '380', '1.855469', '4'),
(828, '26.7', '70', '399', '1.948242', '4'),
(829, '26.7', '70', '301', '1.469727', '4'),
(830, '26.7', '69', '341', '1.665039', '4'),
(831, '26.7', '69', '378', '1.845703', '4'),
(832, '26.7', '69', '380', '1.855469', '4'),
(833, '26.7', '69', '341', '1.665039', '3'),
(834, '27.1', '69', '348', '1.699219', '3'),
(835, '27.1', '69', '353', '1.723633', '3'),
(836, '27.1', '69', '398', '1.943359', '3'),
(837, '27.1', '69', '341', '1.665039', '3'),
(838, '27.1', '69', '368', '1.796875', '3'),
(839, '27.1', '69', '310', '1.513672', '4'),
(840, '27.1', '69', '311', '1.518555', '3'),
(841, '27.1', '69', '392', '1.914063', '4'),
(842, '27.1', '68', '328', '1.601563', '3'),
(843, '27.1', '68', '384', '1.875', '3'),
(844, '27', '69', '348', '1.699219', '3'),
(845, '26.8', '69', '335', '1.635742', '4'),
(846, '26.7', '69', '306', '1.494141', '4'),
(847, '26.7', '69', '318', '1.552734', '4'),
(848, '26.7', '69', '325', '1.586914', '3'),
(849, '26.7', '69', '338', '1.650391', '3'),
(850, '26.7', '69', '396', '1.933594', '3'),
(851, '26.7', '69', '301', '1.469727', '4'),
(852, '26.7', '69', '328', '1.601563', '4'),
(853, '26.7', '69', '396', '1.933594', '3'),
(854, '26.7', '69', '334', '1.630859', '3'),
(855, '26.7', '69', '312', '1.523438', '4'),
(856, '26.7', '69', '325', '1.586914', '4'),
(857, '26.7', '69', '307', '1.499023', '3'),
(858, '26.7', '69', '317', '1.547852', '3'),
(859, '26.3', '69', '374', '1.826172', '3'),
(860, '26.2', '69', '349', '1.704102', '3'),
(861, '26.2', '69', '371', '1.811523', '4'),
(862, '26.2', '69', '360', '1.757813', '3'),
(863, '26.2', '69', '334', '1.630859', '3'),
(864, '26.2', '69', '388', '1.894531', '3'),
(865, '26.2', '69', '317', '1.547852', '3'),
(866, '26.2', '69', '343', '1.674805', '3'),
(867, '26.2', '69', '399', '1.948242', '4'),
(868, '26.2', '69', '339', '1.655273', '4'),
(869, '26.2', '69', '391', '1.90918', '3'),
(870, '26.2', '69', '319', '1.557617', '4'),
(871, '26.2', '69', '349', '1.704102', '4'),
(872, '26.2', '69', '371', '1.811523', '4'),
(873, '26.2', '69', '379', '1.850586', '3'),
(874, '26.2', '70', '316', '1.542969', '3'),
(875, '26.2', '70', '352', '1.71875', '3'),
(876, '26.2', '70', '355', '1.733398', '3'),
(877, '26.2', '71', '371', '1.811523', '4'),
(878, '26.2', '71', '346', '1.689453', '4'),
(879, '26.2', '71', '389', '1.899414', '4'),
(880, '26.2', '71', '365', '1.782227', '4'),
(881, '26.2', '71', '335', '1.635742', '3'),
(882, '26.2', '71', '341', '1.665039', '3'),
(883, '26.2', '71', '392', '1.914063', '4'),
(884, '26.2', '70', '382', '1.865234', '4'),
(885, '26.2', '70', '338', '1.650391', '3'),
(886, '26.2', '70', '391', '1.90918', '3'),
(887, '26.2', '70', '373', '1.821289', '4'),
(888, '26.2', '70', '360', '1.757813', '4'),
(889, '26.2', '70', '364', '1.777344', '3'),
(890, '26.2', '69', '311', '1.518555', '3'),
(891, '26.2', '69', '386', '1.884766', '3'),
(892, '26.2', '69', '330', '1.611328', '3'),
(893, '26.2', '69', '383', '1.870117', '3'),
(894, '26.2', '69', '375', '1.831055', '4'),
(895, '26.2', '69', '303', '1.479492', '3'),
(896, '26.2', '69', '305', '1.489258', '4'),
(897, '26.2', '69', '301', '1.469727', '4'),
(898, '26.2', '69', '300', '1.464844', '3'),
(899, '26.2', '69', '366', '1.787109', '4'),
(900, '26.2', '70', '375', '1.831055', '3'),
(901, '26.2', '70', '348', '1.699219', '3'),
(902, '26.2', '70', '360', '1.757813', '3'),
(903, '26.2', '70', '392', '1.914063', '4'),
(904, '26.2', '70', '339', '1.655273', '4'),
(905, '26.2', '70', '359', '1.75293', '4'),
(906, '26.2', '70', '374', '1.826172', '4'),
(907, '26.2', '70', '367', '1.791992', '3'),
(908, '26.2', '70', '360', '1.757813', '3'),
(909, '26.2', '70', '346', '1.689453', '4'),
(910, '26.2', '69', '375', '1.831055', '4'),
(911, '26.2', '69', '356', '1.738281', '4'),
(912, '26.2', '69', '346', '1.689453', '3'),
(913, '26.2', '69', '349', '1.704102', '4'),
(914, '26.2', '69', '328', '1.601563', '3'),
(915, '26.2', '69', '376', '1.835938', '4'),
(916, '26.2', '69', '348', '1.699219', '3'),
(917, '26.2', '69', '327', '1.59668', '3'),
(918, '26.2', '69', '334', '1.630859', '3'),
(919, '26.2', '69', '370', '1.806641', '3'),
(920, '26.2', '69', '316', '1.542969', '3'),
(921, '26.2', '69', '381', '1.860352', '3'),
(922, '26.2', '69', '379', '1.850586', '4'),
(923, '26.2', '69', '309', '1.508789', '3'),
(924, '26.2', '69', '397', '1.938477', '3'),
(925, '26.2', '69', '355', '1.733398', '4'),
(926, '26.2', '69', '396', '1.933594', '3'),
(927, '25.8', '69', '301', '1.469727', '3'),
(928, '25.8', '69', '391', '1.90918', '4'),
(929, '25.8', '69', '393', '1.918945', '3'),
(930, '25.8', '70', '310', '1.513672', '3'),
(931, '25.8', '70', '325', '1.586914', '4'),
(932, '25.8', '69', '380', '1.855469', '3'),
(933, '25.8', '69', '316', '1.542969', '4'),
(934, '25.8', '70', '325', '1.586914', '4'),
(935, '25.8', '70', '363', '1.772461', '4'),
(936, '25.8', '71', '300', '1.464844', '4'),
(937, '26', '71', '325', '1.586914', '4'),
(938, '26.2', '70', '384', '1.875', '3'),
(939, '26.1', '70', '363', '1.772461', '4'),
(940, '26.2', '70', '353', '1.723633', '3'),
(941, '26.1', '70', '367', '1.791992', '4'),
(942, '26.2', '70', '378', '1.845703', '4'),
(943, '26.2', '69', '391', '1.90918', '4'),
(944, '26.2', '70', '300', '1.464844', '4'),
(945, '26.2', '70', '385', '1.879883', '4'),
(946, '26.2', '70', '385', '1.879883', '3'),
(947, '26.2', '70', '307', '1.499023', '3'),
(948, '26.2', '70', '362', '1.767578', '3'),
(949, '26.2', '70', '382', '1.865234', '4'),
(950, '26.2', '70', '316', '1.542969', '4'),
(951, '26.2', '70', '386', '1.884766', '4'),
(952, '26.2', '70', '365', '1.782227', '4'),
(953, '26.2', '69', '357', '1.743164', '4'),
(954, '26.2', '69', '389', '1.899414', '3'),
(955, '26.2', '69', '361', '1.762695', '4'),
(956, '26.2', '69', '388', '1.894531', '3'),
(957, '26.2', '69', '355', '1.733398', '4'),
(958, '26.2', '69', '344', '1.679688', '3'),
(959, '26.2', '69', '351', '1.713867', '3'),
(960, '26.2', '69', '371', '1.811523', '4'),
(961, '26.2', '69', '381', '1.860352', '3'),
(962, '26.2', '69', '336', '1.640625', '4'),
(963, '26.2', '69', '319', '1.557617', '4'),
(964, '26.2', '69', '356', '1.738281', '3'),
(965, '26.2', '69', '310', '1.513672', '4'),
(966, '26.2', '69', '364', '1.777344', '4'),
(967, '26.2', '69', '318', '1.552734', '3'),
(968, '26.2', '69', '352', '1.71875', '4'),
(969, '26.2', '69', '321', '1.567383', '3'),
(970, '26.2', '69', '398', '1.943359', '3'),
(971, '26.2', '69', '395', '1.928711', '3'),
(972, '26.2', '69', '379', '1.850586', '4'),
(973, '26.2', '69', '398', '1.943359', '3'),
(974, '26.2', '69', '371', '1.811523', '3'),
(975, '26.2', '69', '388', '1.894531', '3'),
(976, '26.2', '69', '311', '1.518555', '3'),
(977, '26.2', '69', '387', '1.889648', '3'),
(978, '26.2', '69', '307', '1.499023', '4'),
(979, '26.2', '69', '313', '1.52832', '4'),
(980, '26.2', '69', '340', '1.660156', '4'),
(981, '26.2', '69', '372', '1.816406', '3'),
(982, '26.7', '69', '359', '1.75293', '3'),
(983, '26.7', '69', '343', '1.674805', '4'),
(984, '26.7', '69', '309', '1.508789', '4'),
(985, '26.7', '69', '365', '1.782227', '4'),
(986, '26.7', '69', '378', '1.845703', '3'),
(987, '26.7', '69', '345', '1.68457', '4'),
(988, '26.7', '69', '302', '1.474609', '3'),
(989, '26.7', '69', '348', '1.699219', '4'),
(990, '26.7', '69', '385', '1.879883', '3'),
(991, '26.7', '69', '367', '1.791992', '4'),
(992, '26.7', '69', '301', '1.469727', '3'),
(993, '26.7', '68', '368', '1.796875', '3'),
(994, '26.7', '68', '327', '1.59668', '3'),
(995, '26.7', '69', '346', '1.689453', '3'),
(996, '26.7', '69', '351', '1.713867', '4'),
(997, '26.7', '69', '379', '1.850586', '3'),
(998, '26.7', '69', '382', '1.865234', '4'),
(999, '26.7', '69', '352', '1.71875', '3'),
(1000, '26.7', '69', '362', '1.767578', '4'),
(1001, '26.7', '69', '311', '1.518555', '3'),
(1002, '26.7', '69', '379', '1.850586', '3'),
(1003, '26.7', '69', '361', '1.762695', '3'),
(1004, '26.7', '69', '354', '1.728516', '4'),
(1005, '26.7', '69', '369', '1.801758', '3'),
(1006, '26.7', '68', '347', '1.694336', '4'),
(1007, '26.7', '68', '324', '1.582031', '4'),
(1008, '26.7', '68', '336', '1.640625', '4'),
(1009, '26.7', '67', '384', '1.875', '3'),
(1010, '26.7', '67', '318', '1.552734', '3'),
(1011, '26.7', '67', '347', '1.694336', '3'),
(1012, '26.7', '67', '376', '1.835938', '4'),
(1013, '26.7', '67', '338', '1.650391', '3'),
(1014, '26.7', '67', '326', '1.591797', '4'),
(1015, '26.7', '67', '392', '1.914063', '4'),
(1016, '26.7', '68', '345', '1.68457', '4'),
(1017, '26.7', '68', '345', '1.68457', '3'),
(1018, '26.7', '69', '362', '1.767578', '4'),
(1019, '26.7', '69', '369', '1.801758', '3'),
(1020, '26.7', '69', '322', '1.572266', '3'),
(1021, '26.7', '69', '327', '1.59668', '3'),
(1022, '26.7', '69', '316', '1.542969', '3'),
(1023, '26.7', '69', '306', '1.494141', '4'),
(1024, '26.7', '69', '349', '1.704102', '3'),
(1025, '26.7', '69', '354', '1.728516', '3'),
(1026, '26.7', '69', '356', '1.738281', '4'),
(1027, '26.7', '69', '332', '1.621094', '3'),
(1028, '26.7', '69', '345', '1.68457', '3'),
(1029, '26.7', '69', '312', '1.523438', '3'),
(1030, '26.7', '69', '362', '1.767578', '3'),
(1031, '26.7', '69', '359', '1.75293', '4'),
(1032, '26.7', '69', '383', '1.870117', '4'),
(1033, '26.7', '69', '306', '1.494141', '3'),
(1034, '26.7', '69', '325', '1.586914', '3'),
(1035, '26.7', '69', '341', '1.665039', '4'),
(1036, '26.7', '69', '384', '1.875', '3'),
(1037, '26.7', '69', '342', '1.669922', '3'),
(1038, '26.7', '69', '348', '1.699219', '4'),
(1039, '26.7', '69', '373', '1.821289', '3'),
(1040, '26.7', '69', '386', '1.884766', '4'),
(1041, '26.7', '69', '371', '1.811523', '3'),
(1042, '26.7', '69', '397', '1.938477', '4'),
(1043, '26.7', '69', '333', '1.625977', '4'),
(1044, '26.7', '69', '378', '1.845703', '4'),
(1045, '26.7', '69', '373', '1.821289', '3'),
(1046, '26.7', '69', '393', '1.918945', '4'),
(1047, '26.7', '69', '349', '1.704102', '4');

-- --------------------------------------------------------

--
-- Estructura de tabla para la tabla `auth_group`
--

CREATE TABLE `auth_group` (
  `id` int(11) NOT NULL,
  `name` varchar(150) NOT NULL
) ENGINE=InnoDB DEFAULT CHARSET=utf8mb4 COLLATE=utf8mb4_unicode_ci;

-- --------------------------------------------------------

--
-- Estructura de tabla para la tabla `auth_group_permissions`
--

CREATE TABLE `auth_group_permissions` (
  `id` bigint(20) NOT NULL,
  `group_id` int(11) NOT NULL,
  `permission_id` int(11) NOT NULL
) ENGINE=InnoDB DEFAULT CHARSET=utf8mb4 COLLATE=utf8mb4_unicode_ci;

-- --------------------------------------------------------

--
-- Estructura de tabla para la tabla `auth_permission`
--

CREATE TABLE `auth_permission` (
  `id` int(11) NOT NULL,
  `name` varchar(255) NOT NULL,
  `content_type_id` int(11) NOT NULL,
  `codename` varchar(100) NOT NULL
) ENGINE=InnoDB DEFAULT CHARSET=utf8mb4 COLLATE=utf8mb4_unicode_ci;

--
-- Volcado de datos para la tabla `auth_permission`
--

INSERT INTO `auth_permission` (`id`, `name`, `content_type_id`, `codename`) VALUES
(1, 'Can add log entry', 1, 'add_logentry'),
(2, 'Can change log entry', 1, 'change_logentry'),
(3, 'Can delete log entry', 1, 'delete_logentry'),
(4, 'Can view log entry', 1, 'view_logentry'),
(5, 'Can add permission', 2, 'add_permission'),
(6, 'Can change permission', 2, 'change_permission'),
(7, 'Can delete permission', 2, 'delete_permission'),
(8, 'Can view permission', 2, 'view_permission'),
(9, 'Can add group', 3, 'add_group'),
(10, 'Can change group', 3, 'change_group'),
(11, 'Can delete group', 3, 'delete_group'),
(12, 'Can view group', 3, 'view_group'),
(13, 'Can add user', 4, 'add_user'),
(14, 'Can change user', 4, 'change_user'),
(15, 'Can delete user', 4, 'delete_user'),
(16, 'Can view user', 4, 'view_user'),
(17, 'Can add content type', 5, 'add_contenttype'),
(18, 'Can change content type', 5, 'change_contenttype'),
(19, 'Can delete content type', 5, 'delete_contenttype'),
(20, 'Can view content type', 5, 'view_contenttype'),
(21, 'Can add session', 6, 'add_session'),
(22, 'Can change session', 6, 'change_session'),
(23, 'Can delete session', 6, 'delete_session'),
(24, 'Can view session', 6, 'view_session'),
(25, 'Can add esp', 7, 'add_esp'),
(26, 'Can change esp', 7, 'change_esp'),
(27, 'Can delete esp', 7, 'delete_esp'),
(28, 'Can view esp', 7, 'view_esp');

-- --------------------------------------------------------

--
-- Estructura de tabla para la tabla `auth_user`
--

CREATE TABLE `auth_user` (
  `id` int(11) NOT NULL,
  `password` varchar(128) NOT NULL,
  `last_login` datetime(6) DEFAULT NULL,
  `is_superuser` tinyint(1) NOT NULL,
  `username` varchar(150) NOT NULL,
  `first_name` varchar(150) NOT NULL,
  `last_name` varchar(150) NOT NULL,
  `email` varchar(254) NOT NULL,
  `is_staff` tinyint(1) NOT NULL,
  `is_active` tinyint(1) NOT NULL,
  `date_joined` datetime(6) NOT NULL
) ENGINE=InnoDB DEFAULT CHARSET=utf8mb4 COLLATE=utf8mb4_unicode_ci;

-- --------------------------------------------------------

--
-- Estructura de tabla para la tabla `auth_user_groups`
--

CREATE TABLE `auth_user_groups` (
  `id` bigint(20) NOT NULL,
  `user_id` int(11) NOT NULL,
  `group_id` int(11) NOT NULL
) ENGINE=InnoDB DEFAULT CHARSET=utf8mb4 COLLATE=utf8mb4_unicode_ci;

-- --------------------------------------------------------

--
-- Estructura de tabla para la tabla `auth_user_user_permissions`
--

CREATE TABLE `auth_user_user_permissions` (
  `id` bigint(20) NOT NULL,
  `user_id` int(11) NOT NULL,
  `permission_id` int(11) NOT NULL
) ENGINE=InnoDB DEFAULT CHARSET=utf8mb4 COLLATE=utf8mb4_unicode_ci;

-- --------------------------------------------------------

--
-- Estructura de tabla para la tabla `django_admin_log`
--

CREATE TABLE `django_admin_log` (
  `id` int(11) NOT NULL,
  `action_time` datetime(6) NOT NULL,
  `object_id` longtext DEFAULT NULL,
  `object_repr` varchar(200) NOT NULL,
  `action_flag` smallint(5) UNSIGNED NOT NULL CHECK (`action_flag` >= 0),
  `change_message` longtext NOT NULL,
  `content_type_id` int(11) DEFAULT NULL,
  `user_id` int(11) NOT NULL
) ENGINE=InnoDB DEFAULT CHARSET=utf8mb4 COLLATE=utf8mb4_unicode_ci;

-- --------------------------------------------------------

--
-- Estructura de tabla para la tabla `django_content_type`
--

CREATE TABLE `django_content_type` (
  `id` int(11) NOT NULL,
  `app_label` varchar(100) NOT NULL,
  `model` varchar(100) NOT NULL
) ENGINE=InnoDB DEFAULT CHARSET=utf8mb4 COLLATE=utf8mb4_unicode_ci;

--
-- Volcado de datos para la tabla `django_content_type`
--

INSERT INTO `django_content_type` (`id`, `app_label`, `model`) VALUES
(1, 'admin', 'logentry'),
(7, 'api', 'esp'),
(3, 'auth', 'group'),
(2, 'auth', 'permission'),
(4, 'auth', 'user'),
(5, 'contenttypes', 'contenttype'),
(6, 'sessions', 'session');

-- --------------------------------------------------------

--
-- Estructura de tabla para la tabla `django_migrations`
--

CREATE TABLE `django_migrations` (
  `id` bigint(20) NOT NULL,
  `app` varchar(255) NOT NULL,
  `name` varchar(255) NOT NULL,
  `applied` datetime(6) NOT NULL
) ENGINE=InnoDB DEFAULT CHARSET=utf8mb4 COLLATE=utf8mb4_unicode_ci;

--
-- Volcado de datos para la tabla `django_migrations`
--

INSERT INTO `django_migrations` (`id`, `app`, `name`, `applied`) VALUES
(1, 'contenttypes', '0001_initial', '2023-05-30 21:21:51.272970'),
(2, 'auth', '0001_initial', '2023-05-30 21:21:51.387332'),
(3, 'admin', '0001_initial', '2023-05-30 21:21:51.413625'),
(4, 'admin', '0002_logentry_remove_auto_add', '2023-05-30 21:21:51.421350'),
(5, 'admin', '0003_logentry_add_action_flag_choices', '2023-05-30 21:21:51.426865'),
(6, 'api', '0001_initial', '2023-05-30 21:21:51.433003'),
(7, 'contenttypes', '0002_remove_content_type_name', '2023-05-30 21:21:51.459093'),
(8, 'auth', '0002_alter_permission_name_max_length', '2023-05-30 21:21:51.473441'),
(9, 'auth', '0003_alter_user_email_max_length', '2023-05-30 21:21:51.483464'),
(10, 'auth', '0004_alter_user_username_opts', '2023-05-30 21:21:51.489899'),
(11, 'auth', '0005_alter_user_last_login_null', '2023-05-30 21:21:51.503514'),
(12, 'auth', '0006_require_contenttypes_0002', '2023-05-30 21:21:51.505670'),
(13, 'auth', '0007_alter_validators_add_error_messages', '2023-05-30 21:21:51.514194'),
(14, 'auth', '0008_alter_user_username_max_length', '2023-05-30 21:21:51.525291'),
(15, 'auth', '0009_alter_user_last_name_max_length', '2023-05-30 21:21:51.535769'),
(16, 'auth', '0010_alter_group_name_max_length', '2023-05-30 21:21:51.547693'),
(17, 'auth', '0011_update_proxy_permissions', '2023-05-30 21:21:51.555129'),
(18, 'auth', '0012_alter_user_first_name_max_length', '2023-05-30 21:21:51.565983'),
(19, 'sessions', '0001_initial', '2023-05-30 21:21:51.578063');

-- --------------------------------------------------------

--
-- Estructura de tabla para la tabla `django_session`
--

CREATE TABLE `django_session` (
  `session_key` varchar(40) NOT NULL,
  `session_data` longtext NOT NULL,
  `expire_date` datetime(6) NOT NULL
) ENGINE=InnoDB DEFAULT CHARSET=utf8mb4 COLLATE=utf8mb4_unicode_ci;

--
-- Índices para tablas volcadas
--

--
-- Indices de la tabla `api_esp`
--
ALTER TABLE `api_esp`
  ADD PRIMARY KEY (`id`);

--
-- Indices de la tabla `auth_group`
--
ALTER TABLE `auth_group`
  ADD PRIMARY KEY (`id`),
  ADD UNIQUE KEY `name` (`name`);

--
-- Indices de la tabla `auth_group_permissions`
--
ALTER TABLE `auth_group_permissions`
  ADD PRIMARY KEY (`id`),
  ADD UNIQUE KEY `auth_group_permissions_group_id_permission_id_0cd325b0_uniq` (`group_id`,`permission_id`),
  ADD KEY `auth_group_permissio_permission_id_84c5c92e_fk_auth_perm` (`permission_id`);

--
-- Indices de la tabla `auth_permission`
--
ALTER TABLE `auth_permission`
  ADD PRIMARY KEY (`id`),
  ADD UNIQUE KEY `auth_permission_content_type_id_codename_01ab375a_uniq` (`content_type_id`,`codename`);

--
-- Indices de la tabla `auth_user`
--
ALTER TABLE `auth_user`
  ADD PRIMARY KEY (`id`),
  ADD UNIQUE KEY `username` (`username`);

--
-- Indices de la tabla `auth_user_groups`
--
ALTER TABLE `auth_user_groups`
  ADD PRIMARY KEY (`id`),
  ADD UNIQUE KEY `auth_user_groups_user_id_group_id_94350c0c_uniq` (`user_id`,`group_id`),
  ADD KEY `auth_user_groups_group_id_97559544_fk_auth_group_id` (`group_id`);

--
-- Indices de la tabla `auth_user_user_permissions`
--
ALTER TABLE `auth_user_user_permissions`
  ADD PRIMARY KEY (`id`),
  ADD UNIQUE KEY `auth_user_user_permissions_user_id_permission_id_14a6b632_uniq` (`user_id`,`permission_id`),
  ADD KEY `auth_user_user_permi_permission_id_1fbb5f2c_fk_auth_perm` (`permission_id`);

--
-- Indices de la tabla `django_admin_log`
--
ALTER TABLE `django_admin_log`
  ADD PRIMARY KEY (`id`),
  ADD KEY `django_admin_log_content_type_id_c4bce8eb_fk_django_co` (`content_type_id`),
  ADD KEY `django_admin_log_user_id_c564eba6_fk_auth_user_id` (`user_id`);

--
-- Indices de la tabla `django_content_type`
--
ALTER TABLE `django_content_type`
  ADD PRIMARY KEY (`id`),
  ADD UNIQUE KEY `django_content_type_app_label_model_76bd3d3b_uniq` (`app_label`,`model`);

--
-- Indices de la tabla `django_migrations`
--
ALTER TABLE `django_migrations`
  ADD PRIMARY KEY (`id`);

--
-- Indices de la tabla `django_session`
--
ALTER TABLE `django_session`
  ADD PRIMARY KEY (`session_key`),
  ADD KEY `django_session_expire_date_a5c62663` (`expire_date`);

--
-- AUTO_INCREMENT de las tablas volcadas
--

--
-- AUTO_INCREMENT de la tabla `api_esp`
--
ALTER TABLE `api_esp`
  MODIFY `id` bigint(20) NOT NULL AUTO_INCREMENT, AUTO_INCREMENT=1048;

--
-- AUTO_INCREMENT de la tabla `auth_group`
--
ALTER TABLE `auth_group`
  MODIFY `id` int(11) NOT NULL AUTO_INCREMENT;

--
-- AUTO_INCREMENT de la tabla `auth_group_permissions`
--
ALTER TABLE `auth_group_permissions`
  MODIFY `id` bigint(20) NOT NULL AUTO_INCREMENT;

--
-- AUTO_INCREMENT de la tabla `auth_permission`
--
ALTER TABLE `auth_permission`
  MODIFY `id` int(11) NOT NULL AUTO_INCREMENT, AUTO_INCREMENT=29;

--
-- AUTO_INCREMENT de la tabla `auth_user`
--
ALTER TABLE `auth_user`
  MODIFY `id` int(11) NOT NULL AUTO_INCREMENT;

--
-- AUTO_INCREMENT de la tabla `auth_user_groups`
--
ALTER TABLE `auth_user_groups`
  MODIFY `id` bigint(20) NOT NULL AUTO_INCREMENT;

--
-- AUTO_INCREMENT de la tabla `auth_user_user_permissions`
--
ALTER TABLE `auth_user_user_permissions`
  MODIFY `id` bigint(20) NOT NULL AUTO_INCREMENT;

--
-- AUTO_INCREMENT de la tabla `django_admin_log`
--
ALTER TABLE `django_admin_log`
  MODIFY `id` int(11) NOT NULL AUTO_INCREMENT;

--
-- AUTO_INCREMENT de la tabla `django_content_type`
--
ALTER TABLE `django_content_type`
  MODIFY `id` int(11) NOT NULL AUTO_INCREMENT, AUTO_INCREMENT=8;

--
-- AUTO_INCREMENT de la tabla `django_migrations`
--
ALTER TABLE `django_migrations`
  MODIFY `id` bigint(20) NOT NULL AUTO_INCREMENT, AUTO_INCREMENT=20;

--
-- Restricciones para tablas volcadas
--

--
-- Filtros para la tabla `auth_group_permissions`
--
ALTER TABLE `auth_group_permissions`
  ADD CONSTRAINT `auth_group_permissio_permission_id_84c5c92e_fk_auth_perm` FOREIGN KEY (`permission_id`) REFERENCES `auth_permission` (`id`),
  ADD CONSTRAINT `auth_group_permissions_group_id_b120cbf9_fk_auth_group_id` FOREIGN KEY (`group_id`) REFERENCES `auth_group` (`id`);

--
-- Filtros para la tabla `auth_permission`
--
ALTER TABLE `auth_permission`
  ADD CONSTRAINT `auth_permission_content_type_id_2f476e4b_fk_django_co` FOREIGN KEY (`content_type_id`) REFERENCES `django_content_type` (`id`);

--
-- Filtros para la tabla `auth_user_groups`
--
ALTER TABLE `auth_user_groups`
  ADD CONSTRAINT `auth_user_groups_group_id_97559544_fk_auth_group_id` FOREIGN KEY (`group_id`) REFERENCES `auth_group` (`id`),
  ADD CONSTRAINT `auth_user_groups_user_id_6a12ed8b_fk_auth_user_id` FOREIGN KEY (`user_id`) REFERENCES `auth_user` (`id`);

--
-- Filtros para la tabla `auth_user_user_permissions`
--
ALTER TABLE `auth_user_user_permissions`
  ADD CONSTRAINT `auth_user_user_permi_permission_id_1fbb5f2c_fk_auth_perm` FOREIGN KEY (`permission_id`) REFERENCES `auth_permission` (`id`),
  ADD CONSTRAINT `auth_user_user_permissions_user_id_a95ead1b_fk_auth_user_id` FOREIGN KEY (`user_id`) REFERENCES `auth_user` (`id`);

--
-- Filtros para la tabla `django_admin_log`
--
ALTER TABLE `django_admin_log`
  ADD CONSTRAINT `django_admin_log_content_type_id_c4bce8eb_fk_django_co` FOREIGN KEY (`content_type_id`) REFERENCES `django_content_type` (`id`),
  ADD CONSTRAINT `django_admin_log_user_id_c564eba6_fk_auth_user_id` FOREIGN KEY (`user_id`) REFERENCES `auth_user` (`id`);
COMMIT;

/*!40101 SET CHARACTER_SET_CLIENT=@OLD_CHARACTER_SET_CLIENT */;
/*!40101 SET CHARACTER_SET_RESULTS=@OLD_CHARACTER_SET_RESULTS */;
/*!40101 SET COLLATION_CONNECTION=@OLD_COLLATION_CONNECTION */;
